<?xml version="1.0" encoding="utf-8" standalone="yes" ?>
<Window size="450,600" sizebox="4,4,6,6" caption="0,0,0,0" maxinfo="450,600" mininfo="450,600" >
 <!-- 考场看板 -->
 <Font id="1" name="微软雅黑" size="24" bold="false" italic="false" underline="false" default="true" />
 <!-- 时间 -->
 <Font id="2" name="微软雅黑" size="25" bold="false" italic="false" underline="false" />
 <!-- 海南省普通高考 -->
 <Font id="3" name="微软雅黑" size="20" bold="false" italic="false" underline="false"/>
  <!-- xxx考场  -->
 <Font id="4" name="微软雅黑" size="36" bold="false" italic="false" underline="false"/>
   <!-- 未读消息  -->
 <Font id="5" name="微软雅黑" size="20" bold="false" italic="false" underline="false"/>
    <!-- 人数  -->
 <Font id="6" name="微软雅黑" size="28" bold="true" italic="false" underline="false"/>
    <!-- 下拉框  -->
 <Font shared="true" id="7" name="微软雅黑" size="36" bold="false"/>
    <!-- 场次  -->
 <Font id="8" name="黑体" size="30" bold="false" italic="false" underline="false"/>
     <!-- 考场号  -->
 <Font id="9" name="黑体" size="42" bold="false" italic="false" underline="false"/>

    <VerticalLayout bkcolor="#ffffffff" size="450,600">
        <GifAnim padding="0,0" width="450" height="388" bkimage="res/loading.gif"/>
		<VerticalLayout width="502" height="125">
			<Label name="textProgress" text="正在加载中..." padding="15,15"  width="407" height="50" textcolor="#00808080" disabledtextcolor="#FFA7A6AA" font="1" />
			<Progress name="install" padding="15,10"  width="422" height="20" bkimage="res/progressb.png" textcolor="#FF000000" disabledtextcolor="#FFA7A6AA" align="center" foreimage="res/progressf.png" min="0" max="100" value="50" hor="true" />
			
		</VerticalLayout>
    </VerticalLayout>
</Window>